<window>
  <defaultcontrol>120</defaultcontrol>
  <coordinates>
    <system>1</system>
    <posx>0</posx>
    <posy>0</posy>
  </coordinates>
  <animation effect="fade" time="250">WindowOpen</animation>
  <animation effect="fade" time="250">WindowClose</animation>
  <controls>
    <control type="group">
      <posx>440</posx>
      <posy>200</posy>
      <control type="image">
        <posx>0</posx>
        <posy>0</posy>
        <width>400</width>
        <height>300</height>
        <texture border="40">ContentPanel.png</texture>
      </control>

      <control type="label" id="100">
        <description>textarea</description>
        <posx>10</posx>
        <posy>10</posy>
        <width>380</width>
        <height>80</height>
        <textcolor>white</textcolor>
        <aligny>center</aligny>
        <align>center</align>
        <wrapmultiline>true</wrapmultiline>
      </control>

    

      <!-- ** Required ** Do not change <id> or <type> -->
      <control type="list" id="120">
        <posx>50</posx>
        <posy>90</posy>
        <width>300</width>
        <height>220</height>
        <onleft>120</onleft>
        <onright>120</onright>
        <ondown>120</ondown>
        <onup>120</onup>
        <viewtype label="535">list</viewtype>
        <pagecontrol>121</pagecontrol>
        <scrolltime>200</scrolltime>
        <itemlayout height="38">
          <control type="image">
            <posx>0</posx>
            <posy>0</posy>
            <width>300</width>
            <height>38</height>
            <texture>MenuItemNF.png</texture>
          </control>         
          <control type="label">
            <posx>0</posx>
            <posy>0</posy>
            <width>300</width>
            <height>38</height>
            <aligny>center</aligny>
            <align>center</align>
            <textcolor>white</textcolor>
            <selectedcolor>green</selectedcolor>
            <info>ListItem.Label</info>
          </control>
          
        </itemlayout>
        <focusedlayout height="38">
          <control type="image">
            <posx>0</posx>
            <posy>0</posy>
            <width>300</width>
            <height>38</height>
            <texture>MenuItemFO.png</texture>
            <visible>Control.HasFocus(120)</visible>
          </control>
          <control type="label">
            <posx>0</posx>
            <posy>0</posy>
            <width>300</width>
            <height>38</height>
            <aligny>center</aligny>
            <align>center</align>
            <textcolor>white</textcolor>
            <selectedcolor>green</selectedcolor>
            <info>ListItem.Label</info>
          </control>
        </focusedlayout>
      </control>
      
    </control>
  </controls>
</window>
